{
    "Total funds": 10000,
    "Investor": "Henry",
    "Portfolios": {
        "test2": {
            "Portfolio Funds": 36600.420000000006,
            "Portfolio Net Worth": 4473.989707783254,
            "Portfolio Stocks": {
                "GOOG": {
                    "Value Tracker": {
                        "0": 3003.7,
                        "10": 3937.5574516911947
                    },
                    "Quantity": 5,
                    "Total Value": 3937.5574516911947,
                    "Stock Name": "GOOG"
                },
                "AAPL": {
                    "Value Tracker": {
                        "0": 395.88,
                        "10": 536.4322560920591
                    },
                    "Quantity": 3,
                    "Total Value": 536.4322560920591,
                    "Stock Name": "AAPL"
                }
            }
        },
        "test1": {
            "Portfolio Funds": 47302.94,
            "Portfolio Net Worth": 3259.7374159863984,
            "Portfolio Stocks": {
                "TSLA": {
                    "Value Tracker": {
                        "0": 747.06,
                        "10": 950.1629793062559
                    },
                    "Quantity": 2,
                    "Total Value": 950.1629793062559,
                    "Stock Name": "TSLA"
                },
                "GME": {
                    "Value Tracker": {
                        "0": 1950,
                        "10": 2309.5744366801428
                    },
                    "Quantity": 6,
                    "Total Value": 2309.5744366801428,
                    "Stock Name": "GME"
                }
            }
        }
    }
}