{
    "Total funds": 0,
    "Investor": "Henry",
    "Portfolios": {
        "test2": {
            "Portfolio Funds": 49452.052445449866,
            "Portfolio Net Worth": 624.2248891640554,
            "Portfolio Stocks": {"NVDA": {
                "Value Tracker": {
                    "15": 547.9475545501305,
                    "20": 624.2248891640554
                },
                "Quantity": 1,
                "Total Value": 624.2248891640554,
                "Stock Name": "NVDA"
            }}
        },
        "test1": {
            "Portfolio Funds": 49011.61421105651,
            "Portfolio Net Worth": 1724.2756288910796,
            "Portfolio Stocks": {
                "PHUN": {
                    "Value Tracker": {"20": 906.958759845928},
                    "Quantity": 7,
                    "Total Value": 906.958759845928,
                    "Stock Name": "PHUN"
                },
                "AMC": {
                    "Value Tracker": {"20": 817.3168690451512},
                    "Quantity": 4,
                    "Total Value": 817.3168690451512,
                    "Stock Name": "AMC"
                }
            }
        }
    }
}