{
    "NVDA": [
        495.59,
        477.50566457809515,
        469.31433226224846,
        448.1369747150427,
        471.1684699472643,
        482.5738690518727,
        520.654835597758,
        507.40147950069434,
        489.1936572783028,
        480.6172258463725,
        485.5762671584311,
        498.71683807985175,
        521.4788406441157,
        536.635384966539,
        552.3476951176401,
        547.9475545501305,
        585.6185290484245,
        640.5307067288821,
        626.8631625423592,
        607.155897149757,
        624.2248891640554
    ],
    "GOOG": [
        600.74,
        645.1664709009696,
        688.6606940567466,
        728.6719421257528,
        729.1178653265009,
        784.5576157532013,
        842.2435833589566,
        875.2844127256861,
        885.6209229203946,
        868.3169134528268,
        886.1843167909614,
        959.4490292043675,
        915.9334399394636,
        934.5738527322699,
        965.2372386650917,
        1040.6805394979476,
        1115.5342282078295,
        1180.4963724806623,
        1158.2231469541885,
        1109.0092087138394,
        1186.1663479311196
    ],
    "AAPL": [
        131.96,
        129.13525121722697,
        139.83119289849844,
        151.37045218952082,
        160.25066878053732,
        176.273546380087,
        168.27419014621745,
        174.61133566337,
        178.56522761903173,
        190.30423924317512,
        187.6067763040472,
        183.4830720220474,
        191.1730672087977,
        192.7704837685616,
        196.27104164983425,
        199.27615118119041,
        195.86558613980594,
        209.16689953822157,
        214.82104310397042,
        214.32718990032154,
        219.2535623232144
    ],
    "TSLA": [
        373.53,
        387.25055951646453,
        421.54980280311145,
        410.7987396648366,
        390.59444040948085,
        406.03771601322524,
        409.69876218622403,
        400.0323230881656,
        400.42895609234625,
        434.416945767098,
        432.77823968479476,
        419.2639475282133,
        444.37632326243767,
        429.8655883036304,
        471.97768202148694,
        453.45591501056475,
        495.76549252389583,
        518.7105245415308,
        546.392149278904,
        593.1768550395813,
        637.1760222320842
    ],
    "PHUN": [
        71.08,
        74.61431795547178,
        78.50742971442075,
        83.40213973296466,
        90.51403241691347,
        89.87396173565826,
        86.21625872887732,
        87.50572473616933,
        94.0250759579718,
        95.93473917254208,
        101.32971929373892,
        99.90515188732483,
        106.09936933576896,
        106.38655519491935,
        111.4031904993192,
        108.3518331070539,
        110.35998458575794,
        116.34984333943574,
        110.87424481425825,
        121.52022739509556,
        129.56553712084684
    ],
    "TEST": [
        100,
        109.4736523787065,
        118.45127257029094,
        124.36437162774035,
        120.467692172255,
        132.4632529263156,
        144.55104691681106,
        153.47198410852772,
        163.36593850476675,
        166.99892856554837,
        173.79335123380872,
        182.8571011699849,
        192.1932321813201,
        195.97398750504334,
        192.39867441878928,
        211.51877448573637,
        228.9017495117319,
        236.21280329789315,
        258.931391893069,
        262.20851149508763,
        262.22973146637503
    ],
    "AMC": [
        92.26,
        89.24880483175029,
        98.06799216995091,
        99.00282172294469,
        97.34826967791876,
        104.16424210283586,
        103.10055650627969,
        105.53386271775855,
        114.73332253106831,
        125.37039971181505,
        134.3385627282526,
        146.18054622621779,
        156.92141784065558,
        171.8335642984126,
        165.5181610127289,
        169.32398081315745,
        185.21553550750005,
        185.82453557371625,
        194.63079619102706,
        192.6021075327517,
        204.3292172612878
    ],
    "MMM": [
        175.66,
        183.2208686528483,
        183.94973199969652,
        186.50903731743463,
        180.18172279017074,
        180.83328113818726,
        198.2509587910916,
        203.9911866053577,
        195.9019086259915,
        201.23652004168045,
        200.7187768774955,
        201.3458055033489,
        196.2824458730652,
        204.36003053245526,
        206.73754972209187,
        222.11407849236824,
        222.49798947493065,
        230.25638007286838,
        237.69320891796494,
        248.35761850775964,
        268.56891334919305
    ],
    "Day": 20,
    "GME": [
        325,
        345.412307869831,
        364.62552346868915,
        361.13129666937164,
        376.62174058685,
        361.87139865313,
        346.26355487732263,
        369.83528651939395,
        364.94099724158707,
        365.5003336777219,
        379.78065188936694,
        381.7734463607574,
        413.5211075683739,
        432.0448943283347,
        427.62780682407424,
        438.714659073634,
        458.12030383797145,
        458.0248429417887,
        483.7439115049057,
        491.64754369075104,
        510.6080742903353
    ],
    "AMZN": [
        551.2,
        539.9806131420347,
        534.6058292154826,
        579.4304604132554,
        603.3999920582414,
        589.2751160054909,
        643.2204784983919,
        663.9524681252578,
        672.6517218116096,
        695.4011422224041,
        677.5322196519271,
        646.9168814144872,
        643.217931033439,
        618.1967750005026,
        651.7353649302526,
        706.4426163240691,
        684.2629807271337,
        698.2132917245121,
        763.5671622736585,
        761.4330261865662,
        817.6721720943822
    ]
}