{
    "NVDA": [
        495.59,
        512.4360607082837,
        512.2353184481764,
        553.2690094668231,
        555.1427377191109,
        552.9016398437137,
        586.0555278945054,
        595.6710642809717,
        594.1534019140162,
        591.7308532108552,
        596.8540535116376
    ],
    "GOOG": [
        600.74,
        598.2199072773994,
        638.7064045501659,
        631.506394411259,
        677.1852824209501,
        691.0911372857446,
        739.2449822182124,
        735.5235930678891,
        724.1667695697818,
        774.9961070675923,
        787.5114903382389
    ],
    "AAPL": [
        131.96,
        136.82007536428688,
        132.47875846880078,
        135.9926586638522,
        134.8589215198747,
        139.9021757909348,
        153.00445902447103,
        166.53352720302752,
        180.33078548543043,
        175.83388448076204,
        178.8107520306864
    ],
    "TSLA": [
        373.53,
        395.65181498304565,
        407.66807324589763,
        389.8860768898977,
        425.23684758022796,
        464.0009074603051,
        475.80512133283077,
        515.190784382265,
        494.17430868028254,
        492.13890212796474,
        475.08148965312796
    ],
    "PHUN": [
        71.08,
        71.62307605743565,
        74.66514443453006,
        78.69567558840369,
        86.23152116667636,
        90.26457926045069,
        94.5993396465612,
        91.7266311213824,
        100.5034931753575,
        98.78435528618206,
        95.44769974662533
    ],
    "TEST": [
        100,
        97.14320708152388,
        104.57622479355524,
        114.47519858762922,
        110.39312879978829,
        119.69629522674435,
        129.69587636088607,
        137.97450828544868,
        146.51869324987834,
        159.3244921527601,
        169.72952304324835
    ],
    "AMC": [
        92.26,
        98.5904730813694,
        97.03273576823993,
        104.8744281891087,
        112.4268703216326,
        123.04507777084982,
        118.65521076239204,
        118.5768205935586,
        121.81203646592857,
        115.95135277450495,
        111.29223597315568
    ],
    "MMM": [
        175.66,
        185.35505942048863,
        179.19263800147579,
        174.71239371940231,
        170.45561083913128,
        162.0367712995219,
        155.76333142436582,
        165.82641329689878,
        158.59538637861385,
        166.0075811823839,
        158.03189236751103
    ],
    "Day": 10,
    "GME": [
        325,
        327.57476905862677,
        319.6674732993586,
        306.89001292406107,
        337.4031224714002,
        364.9340489769707,
        352.99173946334207,
        346.5472565095114,
        350.767008889382,
        366.0884856795852,
        384.9290727800238
    ],
    "AMZN": [
        551.2,
        549.2673484218325,
        578.5082172579267,
        570.1230039154983,
        601.3907562925941,
        615.8868391256565,
        587.834142909466,
        637.9124590649127,
        671.2819513624945,
        658.8474480438143,
        652.7526174336439
    ]
}