{
    "Total funds": 92000,
    "Investor": "Henry",
    "Portfolios": {
        "Test1": {
            "Portfolio Funds": 1893.04,
            "Portfolio Net Worth": 1116.0431775124243,
            "Portfolio Stocks": {
                "AAPL": {
                    "Value Tracker": {
                        "0": 131.96,
                        "3": 155.6238899206936
                    },
                    "Quantity": 1,
                    "Total Value": 155.6238899206936,
                    "Stock Name": "AAPL"
                },
                "GME": {
                    "Value Tracker": {
                        "0": 975,
                        "3": 960.4192875917308
                    },
                    "Quantity": 3,
                    "Total Value": 960.4192875917308,
                    "Stock Name": "GME"
                }
            }
        },
        "Test2": {
            "Portfolio Funds": 4308.75,
            "Portfolio Net Worth": 711.3895462366418,
            "Portfolio Stocks": {
                "NVDA": {
                    "Value Tracker": {
                        "0": 515.59,
                        "3": 554.4319597147563
                    },
                    "Quantity": 1,
                    "Total Value": 554.4319597147563,
                    "Stock Name": "NVDA"
                },
                "MMM": {
                    "Value Tracker": {
                        "0": 175.66,
                        "3": 156.95758652188542
                    },
                    "Quantity": 1,
                    "Total Value": 156.95758652188542,
                    "Stock Name": "MMM"
                }
            }
        }
    }
}