{
    "NVDA": [
        515.59,
        536.7658358673589,
        578.204449308962,
        563.4216057582979
    ],
    "GOOG": [
        1835.74,
        1761.9765047109256,
        1770.7345306861325,
        1806.2445043401033
    ],
    "AAPL": [
        131.96,
        132.82898399052087,
        137.220442041503,
        131.88036554060622
    ],
    "TSLA": [
        793.53,
        757.2039888204714,
        740.5808328719172,
        713.0201468184107
    ],
    "PHUN": [
        2.08,
        2.1776928235203172,
        2.1075941119799957,
        2.1160469395956647
    ],
    "TEST": [
        100,
        102.71449978994107,
        103.1558140935943,
        109.2106518118617
    ],
    "AMC": [
        13.26,
        13.016336366814011,
        14.12771594518799,
        14.791808152636017
    ],
    "MMM": [
        175.66,
        186.8052498426645,
        198.7356744027675,
        206.37477577078553
    ],
    "Day": 3,
    "GME": [
        325,
        346.1018500066982,
        367.58345539503614,
        373.4745620804823
    ],
    "AMZN": [
        3206.2,
        3129.183790328473,
        3207.1595967357644,
        3103.7441496466126
    ]
}