{
    "NVDA": [
        515.59,
        540.4570759620549,
        524.3084651147426,
        509.24729397879986
    ],
    "GOOG": [
        1835.74,
        1835.3011580371895,
        1785.4097228938165,
        1851.844635999566
    ],
    "AAPL": [
        131.96,
        128.82810671552338,
        123.98618574982581,
        133.18673182596865
    ],
    "TSLA": [
        793.53,
        872.5165268190442,
        945.9543328003906,
        918.3977128961869
    ],
    "PHUN": [
        2.08,
        2.0389173705633454,
        1.987919732588709,
        2.1068287633941436
    ],
    "TEST": [
        100,
        95.43347963339451,
        93.32848617771351,
        91.09611865783253
    ],
    "AMC": [
        13.26,
        13.508573941687887,
        12.98375241898067,
        12.513896264941053
    ],
    "MMM": [
        175.66,
        192.137594520763,
        192.4384417620825,
        191.67378108323814
    ],
    "Day": 3,
    "GME": [
        325,
        317.422503049958,
        344.42525627673234,
        353.9052066167309
    ],
    "AMZN": [
        3206.2,
        3520.322928137664,
        3624.986522176488,
        3564.392722000792
    ]
}