{
    "NVDA": [
        515.59,
        504.09561656546373,
        497.76388046410557,
        546.0173283035424
    ],
    "GOOG": [
        1835.74,
        1994.127114511349,
        2113.533451380561,
        2282.4102379905803
    ],
    "AAPL": [
        131.96,
        126.5412294770181,
        136.40999555791686,
        140.45856687622884
    ],
    "TSLA": [
        793.53,
        770.8210251519691,
        733.594832914719,
        776.5499135320581
    ],
    "PHUN": [
        2.08,
        2.276855088969564,
        2.3509229837103005,
        2.506401194992914
    ],
    "TEST": [
        100,
        98.04870394919496,
        107.6380368344871,
        110.87447389147309
    ],
    "AMC": [
        13.26,
        13.350141865822089,
        13.812478558604809,
        13.94832539443209
    ],
    "MMM": [
        175.66,
        191.68005759384013,
        205.62035241060912,
        200.6795850795099
    ],
    "Day": 3,
    "GME": [
        325,
        346.0246622814618,
        377.1694678465015,
        371.4886611410955
    ],
    "AMZN": [
        3206.2,
        3359.519010376139,
        3271.7895769165857,
        3464.6378830249
    ]
}